label,feature,n,mean,std,ci95_low,ci95_high
Ankle,vgrf_peak_aff,21386,1.0972906633506132,0.07000577326117335,1.0963523991478785,1.0982289275533479
Ankle,vgrf_peak_unaff,21386,1.0939568864396603,0.06709267261980974,1.0930576655604034,1.0948561073189171
Ankle,vgrf_peak_asym,21386,0.002885264783992206,0.07446244187197497,0.001887269327302598,0.0038832602406818142
Ankle,loading_rate_asym,21386,0.002992532978324024,0.07661435419302046,0.001965696153212867,0.00401936980343518
Ankle,walking_speed,21386,2.0,0.0,2.0,2.0
Ankle,age,21386,41.36392967361825,11.343091522645077,41.21190197321222,41.51595737402428
Ankle,height,15452,176.05410302873415,7.828524244682877,175.9306665220345,176.1775395354338
Ankle,weight,21386,850.8767698494343,172.75951558149907,848.5613312562887,853.1922084425798
Calcaneus,vgrf_peak_aff,13970,1.0941633584223276,0.06935219924382205,1.0930133047583501,1.095313412086305
Calcaneus,vgrf_peak_unaff,13970,1.1018272122366897,0.07281333090859086,1.1006197633178252,1.1030346611555542
Calcaneus,vgrf_peak_asym,13970,-0.006805704322276773,0.07575221976752321,-0.008061888247919551,-0.005549520396633994
Calcaneus,loading_rate_asym,13970,-0.007004951723030312,0.07789644736426928,-0.0082966929465083,-0.005713210499552325
Calcaneus,walking_speed,13970,2.0,0.0,2.0,2.0
Calcaneus,age,13970,43.88367931281317,10.108545332093968,43.7160513251875,44.05130730043884
Calcaneus,height,7617,177.82105815938033,6.794101014596285,177.66847869246178,177.97363762629888
Calcaneus,weight,13970,824.7633715103794,144.75436324122134,822.3629388256566,827.1638041951023
Healthy,vgrf_peak_aff,7755,1.155126875942397,0.09750561248970326,1.152956700798473,1.157297051086321
Healthy,vgrf_peak_unaff,7755,1.1566648349453332,0.09642966355192419,1.1545186071166589,1.1588110627740076
Healthy,vgrf_peak_asym,7755,-0.0014235745576267314,0.04393787638327577,-0.0024014965948208795,-0.00044565252043258325
Healthy,loading_rate_asym,7755,-0.0014600275518730594,0.045280476395093416,-0.0024678317373813523,-0.00045222336636476673
Healthy,walking_speed,7755,2.045390070921986,0.8110042983973743,2.027339608747991,2.0634405330959806
Healthy,age,7755,34.700838168923276,13.297560504337172,34.404875356686325,34.99680098116023
Healthy,height,7755,172.9808510638298,8.269566150695871,172.79679594686746,173.16490618079212
Healthy,weight,7755,724.3098646034816,151.39118488502612,720.9403622942541,727.6793669127092
Hip,vgrf_peak_aff,12748,1.0985049579501078,0.0677258323049971,1.0973292772338312,1.0996806386663844
Hip,vgrf_peak_unaff,12748,1.1026762172399875,0.068355069243406,1.101489613339613,1.103862821140362
Hip,vgrf_peak_asym,12748,-0.0037565568985215925,0.08218771869270412,-0.005183287478171487,-0.0023298263188716983
Hip,loading_rate_asym,12748,-0.0038663091457291784,0.08459159115510043,-0.005334769541052659,-0.002397848750405698
Hip,walking_speed,12748,2.0,0.0,2.0,2.0
Hip,age,12748,42.43622529024161,12.2679645307291,42.22326062320304,42.64918995728018
Hip,height,6541,176.18284665953217,8.21899526024629,175.98366344967596,176.3820298693884
Hip,weight,12748,799.6956071540634,150.94171131427484,797.0753475982293,802.3158667098975
Knee,vgrf_peak_aff,19873,1.0977943848258633,0.06824225281717107,1.096845578196572,1.0987431914551546
Knee,vgrf_peak_unaff,19873,1.0966108512016381,0.06860960793057108,1.0956569370480125,1.0975647653552638
Knee,vgrf_peak_asym,19873,0.0010918104154280048,0.08230525862175207,-5.2521311355341284e-05,0.002236142142211351
Knee,loading_rate_asym,19873,0.0011251672208245317,0.08479986251564556,-5.38482482778642e-05,0.0023041826899269273
Knee,walking_speed,19873,2.0,0.0,2.0,2.0
Knee,age,19873,41.09787148392291,11.562140972281522,40.937117177749975,41.25862579009584
Knee,height,11375,175.1156923076923,9.13449776901248,174.94782541837222,175.2835591970124
Knee,weight,19873,812.3361394857345,183.61008393039037,809.7833154266486,814.8889635448204
