subject_id,trial_id,task,data_rows,label_rows,joined_rows,valid_status_rows,invalid_status_rows,invalid_status_rate,max_time_diff_sec,group_count,status_counts
Sub01,T01,WAK,27164,27164,27164,24200,2964,0.10911500515388013,4.999996875110213e-05,10,"{5.0: 7956, 3.0: 6092, 2.0: 5771, 4.0: 2289, 1.0: 2092}"
Sub02,T01,WAK,20719,20719,20719,18269,2450,0.11824895023891115,4.999985937592655e-05,10,"{2.0: 5980, 5.0: 5304, 3.0: 2945, 4.0: 2328, 1.0: 1712}"
Sub03,T01,WAK,20795,20795,20795,18436,2359,0.11344073094493869,4.9999937500100344e-05,10,"{2.0: 5990, 5.0: 5725, 3.0: 2719, 4.0: 2159, 1.0: 1843}"
Sub04,T01,WAK,22660,22660,22660,18967,3693,0.16297440423654017,4.9999890626040155e-05,10,"{2.0: 7053, 5.0: 5326, 3.0: 2648, 4.0: 2594, 1.0: 1346}"
Sub05,T01,WAK,24249,24249,24249,21307,2942,0.12132459070477133,5.000000000032756e-05,10,"{2.0: 8377, 5.0: 6299, 4.0: 2758, 1.0: 1956, 3.0: 1917}"
Sub06,T01,WAK,23766,23766,23766,21374,2392,0.10064798451569469,4.999981250097818e-05,10,"{2.0: 6991, 5.0: 6249, 3.0: 3651, 4.0: 2766, 1.0: 1717}"
Sub07,T01,WAK,21835,21835,21835,19150,2685,0.1229677123883673,4.999998437504871e-05,10,"{5.0: 5776, 2.0: 5616, 3.0: 3880, 4.0: 1976, 1.0: 1902}"
Sub08,T01,WAK,22347,22347,22347,19667,2680,0.11992661207320893,4.9999875001205396e-05,10,"{5.0: 6426, 2.0: 6010, 3.0: 3173, 4.0: 2143, 1.0: 1915}"
Sub09,T01,WAK,26484,26484,26484,23005,3479,0.13136233197402206,4.9999953128931907e-05,10,"{3.0: 9004, 5.0: 6960, 2.0: 3153, 4.0: 2555, 1.0: 1333}"
Sub10,T01,WAK,20184,20184,20184,18163,2021,0.10012881490289338,4.999996875110213e-05,10,"{5.0: 5525, 2.0: 5345, 3.0: 3234, 4.0: 2367, 1.0: 1692}"
Sub11,T01,WAK,26589,26589,26589,23525,3064,0.11523562375418406,4.99997656264739e-05,10,"{5.0: 7102, 2.0: 7042, 3.0: 4388, 4.0: 2732, 1.0: 2261}"
Sub12,T01,WAK,19844,19844,19844,17511,2333,0.1175670227776658,4.999992187748603e-05,10,"{2.0: 5654, 5.0: 4847, 3.0: 3270, 4.0: 2405, 1.0: 1335}"
Sub13,T01,WAK,26690,26690,26690,22798,3892,0.14582240539527913,4.999995312515715e-05,10,"{2.0: 8664, 5.0: 6344, 3.0: 3608, 4.0: 2568, 1.0: 1614}"
Sub14,T01,WAK,21487,21487,21487,18909,2578,0.11997952250197794,4.9999828127589296e-05,10,"{2.0: 6073, 5.0: 5465, 3.0: 3061, 4.0: 2428, 1.0: 1882}"
Sub15,T01,WAK,20410,20410,20410,18016,2394,0.1172954434100931,4.999998437504871e-05,10,"{2.0: 5382, 5.0: 5317, 3.0: 3492, 4.0: 2215, 1.0: 1610}"
Sub16,T01,WAK,25994,25994,25994,22890,3104,0.11941217203970148,4.9999937500100344e-05,10,"{2.0: 6913, 5.0: 6352, 3.0: 4538, 4.0: 3169, 1.0: 1918}"
Sub17,T01,WAK,26404,26404,26404,23194,3210,0.12157248901681564,4.9999765625141634e-05,10,"{5.0: 7049, 3.0: 5894, 2.0: 5824, 4.0: 2808, 1.0: 1619}"
Sub19,T01,WAK,26451,26451,26451,23366,3085,0.11663075120033269,4.999987500475811e-05,10,"{5.0: 6950, 2.0: 6871, 3.0: 5010, 4.0: 2915, 1.0: 1620}"
Sub20,T01,WAK,22873,22873,22873,20573,2300,0.10055523980238709,4.9999937500544434e-05,10,"{5.0: 6391, 2.0: 5665, 3.0: 4175, 4.0: 2610, 1.0: 1732}"
Sub21,T01,WAK,21450,21450,21450,19009,2441,0.1137995337995338,4.999984375109179e-05,10,"{5.0: 5705, 2.0: 5414, 3.0: 3910, 4.0: 2640, 1.0: 1340}"
Sub22,T01,WAK,27086,27086,27086,23470,3616,0.13350070146939377,4.999995312537919e-05,10,"{5.0: 7316, 2.0: 7195, 3.0: 5101, 4.0: 2560, 1.0: 1298}"
Sub23,T01,WAK,26492,26492,26492,23517,2975,0.11229805224218632,4.999984375020361e-05,10,"{2.0: 6959, 5.0: 6679, 3.0: 4652, 4.0: 3030, 1.0: 2197}"
Sub24,T01,WAK,22062,22062,22062,19251,2811,0.1274136524340495,4.999998437504871e-05,10,"{3.0: 6542, 5.0: 5589, 2.0: 3274, 4.0: 2438, 1.0: 1408}"
Sub25,T01,WAK,19939,19939,19939,17751,2188,0.10973469080696123,4.999984375020361e-05,10,"{2.0: 5403, 5.0: 5286, 3.0: 2983, 4.0: 2138, 1.0: 1941}"
Sub26,T01,WAK,25422,25422,25422,22115,3307,0.13008417905750924,4.999976562913844e-05,10,"{2.0: 7303, 5.0: 6987, 3.0: 3460, 4.0: 2563, 1.0: 1802}"
Sub27,T01,WAK,27290,27290,27290,23343,3947,0.14463173323561745,4.9999921875709674e-05,10,"{2.0: 7701, 5.0: 6832, 3.0: 4191, 4.0: 2456, 1.0: 2163}"
Sub28,T01,WAK,26474,26474,26474,23133,3341,0.12619928986930573,4.999956250006932e-05,10,"{2.0: 7709, 5.0: 7306, 3.0: 3847, 4.0: 2582, 1.0: 1689}"
Sub29,T01,WAK,26209,26209,26209,23054,3155,0.12037849593651036,4.999935937588518e-05,10,"{5.0: 6912, 2.0: 6435, 3.0: 5890, 4.0: 2547, 1.0: 1270}"
Sub30,T01,WAK,21617,21617,21617,19131,2486,0.1150020816949623,4.999960937723813e-05,10,"{2.0: 5669, 5.0: 5581, 3.0: 3436, 4.0: 2592, 1.0: 1853}"
Sub31,T01,WAK,23848,23848,23848,20952,2896,0.12143575981214358,4.999995312626737e-05,10,"{5.0: 6059, 2.0: 5461, 3.0: 5128, 4.0: 2670, 1.0: 1634}"
Sub32,T01,WAK,21320,21320,21320,18842,2478,0.11622889305816135,4.9999937500100344e-05,10,"{2.0: 5794, 5.0: 5474, 3.0: 3359, 4.0: 2383, 1.0: 1832}"
Sub33,T01,WAK,22180,22180,22180,19566,2614,0.11785392245266005,4.999956250006932e-05,10,"{3.0: 6016, 5.0: 5470, 2.0: 3535, 4.0: 2874, 1.0: 1671}"
Sub34,T01,WAK,20651,20651,20651,17826,2825,0.1367972495278679,4.999999999988347e-05,10,"{2.0: 5730, 5.0: 5151, 3.0: 2653, 4.0: 2230, 1.0: 2062}"
Sub35,T01,WAK,26209,26209,26209,23405,2804,0.10698614979587165,4.999996875021395e-05,10,"{5.0: 7423, 2.0: 7341, 3.0: 4472, 4.0: 2737, 1.0: 1432}"
Sub36,T01,WAK,26993,26993,26993,23370,3623,0.13421998295854481,4.999978125130866e-05,10,"{2.0: 7154, 5.0: 7045, 3.0: 4972, 4.0: 2540, 1.0: 1659}"
Sub37,T01,WAK,23297,23297,23297,20316,2981,0.1279563892346654,4.999998437682507e-05,10,"{5.0: 6276, 2.0: 5883, 3.0: 4045, 4.0: 2286, 1.0: 1826}"
Sub38,T01,WAK,19633,19633,19633,17646,1987,0.10120715122497835,4.999978125019844e-05,10,"{5.0: 5337, 2.0: 5273, 3.0: 2592, 4.0: 2296, 1.0: 2148}"
Sub39,T01,WAK,20535,20535,20535,18187,2348,0.11434136839542244,4.999998437682507e-05,10,"{5.0: 5824, 2.0: 5791, 3.0: 2808, 4.0: 2234, 1.0: 1530}"
Sub40,T01,WAK,21098,21098,21098,18354,2744,0.1300597213005972,4.9999734375028027e-05,10,"{2.0: 5610, 5.0: 4923, 3.0: 4165, 4.0: 2199, 1.0: 1457}"
